Workbook
Name lst_Statut: Paramètres!$A$4:$A$8
Name lst_Segment: Paramètres!$B$4:$B$7
Name lst_Priorite: Paramètres!$C$4:$C$6
Name lst_Commercial: Paramètres!$D$4:$D$8
Name lst_Canal: Paramètres!$E$4:$E$8
Name lst_Resultat: Paramètres!$F$4:$F$8
Name lst_Secteur: Paramètres!$G$4:$G$11
Name lst_Region: Paramètres!$H$4:$H$11

Sheet Tableau de bord
B1: TABLEAU DE BORD — SUIVI CLIENTS
B2: Portefeuille clients · mise à jour automatique · données au 08/07/2026
B4: Clients actifs | D4: Prospects | F4: En négociation | H4: Portefeuille total | J4: Relances en retard
B5: =COUNTIF(Clients!$J$4:$J$57,"Actif") | D5: =COUNTIF(Clients!$J$4:$J$57,"Prospect") | F5: =COUNTIF(Clients!$J$4:$J$57,"En négociation") | H5: =COUNTA(Clients!$J$4:$J$57)-COUNTBLANK(Clients!$J$4:$J$57) | J5: =COUNTIF(Clients!$S$4:$S$57,"*retard*")
B6: clients avec CA en cours | D6: à convertir | F6: opportunités ouvertes | H6: clients enregistrés | J6: à traiter en priorité
B8: CA réalisé | D8: CA prévisionnel | F8: Taux de signature | H8: Panier moyen | J8: Satisfaction moy.
B9: =SUM(Clients!$P$4:$P$57) | D9: =SUM(Clients!$O$4:$O$57) | F9: =IFERROR(COUNTIF(Clients!$J$4:$J$57,"Actif")/(COUNTA(Clients!$J$4:$J$57)-COUNTBLANK(Clients!$J$4:$J$57)),0) | H9: =IFERROR(SUM(Clients!$P$4:$P$57)/COUNTIF(Clients!$P$4:$P$57,">0"),0) | J9: =IFERROR(AVERAGE(Clients!$Q$4:$Q$57),0)
B10: cumul encaissé | D10: pipeline global | F10: actifs / total | H10: CA moyen par client | J10: note sur 5
B12: Répartition par statut | F12: CA réalisé par commercial | J12: CA prévu par segment
B13: Statut | C13: Nombre | F13: Commercial | G13: CA réalisé | J13: Segment | K13: CA prévu
B14: Prospect | C14: =COUNTIF(Clients!$J$4:$J$57,B14) | F14: Sophie Martin | G14: =SUMIF(Clients!$I$4:$I$57,F14,Clients!$P$4:$P$57) | J14: Grand Compte | K14: =SUMIF(Clients!$F$4:$F$57,J14,Clients!$O$4:$O$57)
B15: Actif | C15: =COUNTIF(Clients!$J$4:$J$57,B15) | F15: Karim Benali | G15: =SUMIF(Clients!$I$4:$I$57,F15,Clients!$P$4:$P$57) | J15: PME | K15: =SUMIF(Clients!$F$4:$F$57,J15,Clients!$O$4:$O$57)
B16: En négociation | C16: =COUNTIF(Clients!$J$4:$J$57,B16) | F16: Léa Dubois | G16: =SUMIF(Clients!$I$4:$I$57,F16,Clients!$P$4:$P$57) | J16: TPE | K16: =SUMIF(Clients!$F$4:$F$57,J16,Clients!$O$4:$O$57)
B17: Inactif | C17: =COUNTIF(Clients!$J$4:$J$57,B17) | F17: Thomas Petit | G17: =SUMIF(Clients!$I$4:$I$57,F17,Clients!$P$4:$P$57) | J17: Particulier | K17: =SUMIF(Clients!$F$4:$F$57,J17,Clients!$O$4:$O$57)
B18: Perdu | C18: =COUNTIF(Clients!$J$4:$J$57,B18) | F18: Nadia Cohen | G18: =SUMIF(Clients!$I$4:$I$57,F18,Clients!$P$4:$P$57)
B21: Entonnoir de conversion
B22: Étape | C22: Clients
B23: Prospects | C23: =COUNTIF(Clients!$J$4:$J$57,"Prospect")+COUNTIF(Clients!$J$4:$J$57,"En négociation")+COUNTIF(Clients!$J$4:$J$57,"Actif")
B24: En négociation | C24: =COUNTIF(Clients!$J$4:$J$57,"En négociation")+COUNTIF(Clients!$J$4:$J$57,"Actif")
B25: Clients actifs | C25: =COUNTIF(Clients!$J$4:$J$57,"Actif")
B60: Astuce : renseignez vos clients dans l'onglet « Clients » et vos échanges dans « Suivi & Relances » — tout se met à jour automatiquement.

Sheet Clients
A1: SUIVI CLIENTS — BASE DE DONNÉES
A2: Une ligne par client — les colonnes bleutées (ID, Jours, Alerte) se calculent seules.
A3: ID | B3: Entreprise | C3: Contact | D3: Email | E3: Téléphone | F3: Segment | G3: Secteur | H3: Région | I3: Commercial | J3: Statut | K3: Priorité | L3: Date entrée | M3: Dernier contact | N3: Prochaine relance | O3: CA prévu (€) | P3: CA réalisé (€) | Q3: Satisf. | R3: Jrs contact | S3: Alerte
A4: =IF(B4="","",TEXT(ROW()-3,"000")) | B4: Nexora Digital | C4: Paul Renard | D4: contact@nexora.fr | E4: 05 41 38 27 23 | F4: TPE | G4: Tech | H4: Auvergne-Rhône-Alpes | I4: Nadia Cohen | J4: Prospect | K4: Moyenne | L4: 45515 | M4: 46141 | N4: 46168 | O4: 10500 | P4: 0 | Q4: 4 | R4: =IF(M4="","",TODAY()-M4) | S4: =IF(N4="","",IF(N4<TODAY(),"⚠ En retard",IF(N4<=TODAY()+7,"◕ Bientôt","✓ OK")))
A5: =IF(B5="","",TEXT(ROW()-3,"000")) | B5: Belmont Partners | C5: Emma Garcia | D5: contact@belmont.fr | E5: 09 63 38 67 85 | F5: PME | G5: Finance | H5: PACA | I5: Sophie Martin | J5: En négociation | K5: Haute | L5: 45576 | M5: 46121 | N5: 46129 | O5: 49500 | P5: 0 | Q5: 3 | R5: =IF(M5="","",TODAY()-M5) | S5: =IF(N5="","",IF(N5<TODAY(),"⚠ En retard",IF(N5<=TODAY()+7,"◕ Bientôt","✓ OK")))
A6: =IF(B6="","",TEXT(ROW()-3,"000")) | B6: Kaleido Industries | C6: Sarah Ancel | D6: contact@kaleido.fr | E6: 06 54 87 43 15 | F6: TPE | G6: Industrie | H6: Nouvelle-Aquitaine | I6: Nadia Cohen | J6: Prospect | K6: Basse | L6: 46141 | M6: 46174 | N6: 46181 | O6: 11500 | P6: 0 | Q6: 1 | R6: =IF(M6="","",TODAY()-M6) | S6: =IF(N6="","",IF(N6<TODAY(),"⚠ En retard",IF(N6<=TODAY()+7,"◕ Bientôt","✓ OK")))
A7: =IF(B7="","",TEXT(ROW()-3,"000")) | B7: Vertige Tech | C7: Manon Slimani | D7: contact@vertige.fr | E7: 02 39 22 58 45 | F7: PME | G7: Services | H7: Auvergne-Rhône-Alpes | I7: Léa Dubois | J7: Prospect | K7: Moyenne | L7: 45915 | M7: 46125 | N7: 46154 | O7: 42500 | P7: 0 | Q7: 2 | R7: =IF(M7="","",TODAY()-M7) | S7: =IF(N7="","",IF(N7<TODAY(),"⚠ En retard",IF(N7<=TODAY()+7,"◕ Bientôt","✓ OK")))
A8: =IF(B8="","",TEXT(ROW()-3,"000")) | B8: Doré & Associés | C8: Lucie Henry | D8: contact@dore.fr | E8: 09 38 97 51 17 | F8: PME | G8: Industrie | H8: Hauts-de-France | I8: Sophie Martin | J8: Inactif | K8: Moyenne | L8: 45872 | M8: 46162 | N8: 46170 | O8: 40000 | P8: 19500 | Q8: 5 | R8: =IF(M8="","",TODAY()-M8) | S8: =IF(N8="","",IF(N8<TODAY(),"⚠ En retard",IF(N8<=TODAY()+7,"◕ Bientôt","✓ OK")))
A9: =IF(B9="","",TEXT(ROW()-3,"000")) | B9: Solaris Studio | C9: Camille Faure | D9: contact@solaris.fr | E9: 03 41 81 78 43 | F9: TPE | G9: Retail | H9: Occitanie | I9: Thomas Petit | J9: Perdu | K9: Moyenne | L9: 45813 | M9: 46208 | N9: 46208 | O9: 12000 | P9: 0 | Q9: 1 | R9: =IF(M9="","",TODAY()-M9) | S9: =IF(N9="","",IF(N9<TODAY(),"⚠ En retard",IF(N9<=TODAY()+7,"◕ Bientôt","✓ OK")))
A10: =IF(B10="","",TEXT(ROW()-3,"000")) | B10: Lauren Group | C10: Emma Khaled | D10: contact@lauren.fr | E10: 07 86 18 59 58 | F10: PME | G10: Tech | H10: Auvergne-Rhône-Alpes | I10: Thomas Petit | J10: Actif | K10: Basse | L10: 45990 | M10: 46150 | N10: 46166 | O10: 22500 | P10: 19000 | Q10: 4 | R10: =IF(M10="","",TODAY()-M10) | S10: =IF(N10="","",IF(N10<TODAY(),"⚠ En retard",IF(N10<=TODAY()+7,"◕ Bientôt","✓ OK")))
A11: =IF(B11="","",TEXT(ROW()-3,"000")) | B11: Cirrus Partners | C11: Alice Muller | D11: contact@cirrus.fr | E11: 05 74 32 74 23 | F11: TPE | G11: Retail | H11: Occitanie | I11: Léa Dubois | J11: Inactif | K11: Moyenne | L11: 45674 | M11: 46123 | N11: 46152 | O11: 13500 | P11: 10000 | Q11: 5 | R11: =IF(M11="","",TODAY()-M11) | S11: =IF(N11="","",IF(N11<TODAY(),"⚠ En retard",IF(N11<=TODAY()+7,"◕ Bientôt","✓ OK")))
A12: =IF(B12="","",TEXT(ROW()-3,"000")) | B12: Brasserie Mobilier | C12: Agnès Marchand | D12: contact@brasserie.fr | E12: 01 24 56 49 40 | F12: Grand Compte | G12: BTP | H12: Auvergne-Rhône-Alpes | I12: Nadia Cohen | J12: Perdu | K12: Haute | L12: 46070 | M12: 46114 | N12: 46117 | O12: 113000 | P12: 0 | Q12: 1 | R12: =IF(M12="","",TODAY()-M12) | S12: =IF(N12="","",IF(N12<TODAY(),"⚠ En retard",IF(N12<=TODAY()+7,"◕ Bientôt","✓ OK")))
A13: =IF(B13="","",TEXT(ROW()-3,"000")) | B13: Onyx Conseil | C13: Fatou Meyer | D13: contact@onyx.fr | E13: 07 37 79 98 35 | F13: TPE | G13: BTP | H13: Bretagne | I13: Thomas Petit | J13: Perdu | K13: Moyenne | L13: 45415 | M13: 46145 | N13: 46154 | O13: 5500 | P13: 0 | Q13: 1 | R13: =IF(M13="","",TODAY()-M13) | S13: =IF(N13="","",IF(N13<TODAY(),"⚠ En retard",IF(N13<=TODAY()+7,"◕ Bientôt","✓ OK")))
A14: =IF(B14="","",TEXT(ROW()-3,"000")) | B14: Lumen Mobilier | C14: Léo Nkemba | D14: contact@lumen.fr | E14: 04 10 19 90 17 | F14: PME | G14: Retail | H14: Nouvelle-Aquitaine | I14: Sophie Martin | J14: Inactif | K14: Haute | L14: 45977 | M14: 46206 | N14: 46214 | O14: 36000 | P14: 23500 | Q14: 5 | R14: =IF(M14="","",TODAY()-M14) | S14: =IF(N14="","",IF(N14<TODAY(),"⚠ En retard",IF(N14<=TODAY()+7,"◕ Bientôt","✓ OK")))
A15: =IF(B15="","",TEXT(ROW()-3,"000")) | B15: Pixel Mobilier | C15: Antoine Nkemba | D15: contact@pixel.fr | E15: 08 62 34 22 22 | F15: TPE | G15: Tech | H15: Auvergne-Rhône-Alpes | I15: Léa Dubois | J15: Actif | K15: Moyenne | L15: 45354 | M15: 46185 | N15: 46201 | O15: 12500 | P15: 9000 | Q15: 3 | R15: =IF(M15="","",TODAY()-M15) | S15: =IF(N15="","",IF(N15<TODAY(),"⚠ En retard",IF(N15<=TODAY()+7,"◕ Bientôt","✓ OK")))
... A49: =IF(B49="","",TEXT(ROW()-3,"000")) | B49: Helios SAS | C49: Inès Nkemba | D49: contact@helios.fr | E49: 01 96 44 83 15 | F49: TPE | G49: Services | H49: Occitanie | I49: Karim Benali | J49: Actif | K49: Moyenne | L49: 45891 | M49: 46193 | N49: 46219 | O49: 14000 | P49: 12000 | Q49: 4 | R49: =IF(M49="","",TODAY()-M49) | S49: =IF(N49="","",IF(N49<TODAY(),"⚠ En retard",IF(N49<=TODAY()+7,"◕ Bientôt","✓ OK")))
A50: =IF(B50="","",TEXT(ROW()-3,"000")) | R50: =IF(M50="","",TODAY()-M50) | S50: =IF(N50="","",IF(N50<TODAY(),"⚠ En retard",IF(N50<=TODAY()+7,"◕ Bientôt","✓ OK")))
A51: =IF(B51="","",TEXT(ROW()-3,"000")) | R51: =IF(M51="","",TODAY()-M51) | S51: =IF(N51="","",IF(N51<TODAY(),"⚠ En retard",IF(N51<=TODAY()+7,"◕ Bientôt","✓ OK")))
A52: =IF(B52="","",TEXT(ROW()-3,"000")) | R52: =IF(M52="","",TODAY()-M52) | S52: =IF(N52="","",IF(N52<TODAY(),"⚠ En retard",IF(N52<=TODAY()+7,"◕ Bientôt","✓ OK")))
A53: =IF(B53="","",TEXT(ROW()-3,"000")) | R53: =IF(M53="","",TODAY()-M53) | S53: =IF(N53="","",IF(N53<TODAY(),"⚠ En retard",IF(N53<=TODAY()+7,"◕ Bientôt","✓ OK")))
A54: =IF(B54="","",TEXT(ROW()-3,"000")) | R54: =IF(M54="","",TODAY()-M54) | S54: =IF(N54="","",IF(N54<TODAY(),"⚠ En retard",IF(N54<=TODAY()+7,"◕ Bientôt","✓ OK")))
A55: =IF(B55="","",TEXT(ROW()-3,"000")) | R55: =IF(M55="","",TODAY()-M55) | S55: =IF(N55="","",IF(N55<TODAY(),"⚠ En retard",IF(N55<=TODAY()+7,"◕ Bientôt","✓ OK")))
A56: =IF(B56="","",TEXT(ROW()-3,"000")) | R56: =IF(M56="","",TODAY()-M56) | S56: =IF(N56="","",IF(N56<TODAY(),"⚠ En retard",IF(N56<=TODAY()+7,"◕ Bientôt","✓ OK")))
A57: =IF(B57="","",TEXT(ROW()-3,"000")) | R57: =IF(M57="","",TODAY()-M57) | S57: =IF(N57="","",IF(N57<TODAY(),"⚠ En retard",IF(N57<=TODAY()+7,"◕ Bientôt","✓ OK")))

Sheet Suivi & Relances
A1: JOURNAL DES INTERACTIONS & RELANCES
A3: Date | B3: Entreprise | C3: Commercial | D3: Canal | E3: Objet / Note | F3: Résultat | G3: Prochaine action
A4: 46210 | B4: Xenon & Associés | C4: Thomas Petit | D4: LinkedIn | E4: Suivi satisfaction client. | F4: Sans suite | G4: Fixer un rendez-vous
A5: 46210 | B5: Doré & Associés | C5: Sophie Martin | D5: LinkedIn | E5: Négociation tarifaire en cours. | F5: Injoignable | G5: Rappeler
A6: 46209 | B6: Forge SAS | C6: Léa Dubois | D6: Téléphone | E6: Client à requalifier, peu réactif. | F6: À rappeler | G6: Relancer sous 7 jours
A7: 46204 | B7: Titan & Associés | C7: Karim Benali | D7: Visio | E7: Renouvellement de contrat évoqué. | F7: Signé | G7: Proposer une session
A8: 46202 | B8: Aurora Santé | C8: Sophie Martin | D8: Téléphone | E8: Prise de rendez-vous pour la semaine prochaine. | F8: Sans suite | G8: Rappeler
A9: 46201 | B9: Opale Lab | C9: Thomas Petit | D9: Rendez-vous | E9: Relance suite au devis. | F9: Sans suite | G9: Relancer sous 7 jours
A10: 46201 | B10: Bastion Systems | C10: Nadia Cohen | D10: Rendez-vous | E10: Client à requalifier, peu réactif. | F10: À rappeler | G10: Fixer un rendez-vous
A11: 46201 | B11: Lumen Mobilier | C11: Sophie Martin | D11: Visio | E11: Point d'avancement, retours positifs. | F11: À rappeler | G11: Fixer un rendez-vous
A12: 46198 | B12: Isatis Lab | C12: Léa Dubois | D12: Email | E12: Échange sur les besoins de formation. | F12: Devis envoyé | G12: Fixer un rendez-vous
A13: 46197 | B13: Méridien & Associés | C13: Sophie Martin | D13: Téléphone | E13: Demande d'informations complémentaires. | F13: À rappeler | G13: Planifier une démo
A14: 46197 | B14: Solaris Studio | C14: Thomas Petit | D14: Téléphone | E14: Client à requalifier, peu réactif. | F14: Injoignable | G14: Relancer sous 7 jours
A15: 46196 | B15: Opale Lab | C15: Thomas Petit | D15: Email | E15: Échange sur les besoins de formation. | F15: Sans suite | G15: Proposer une session
... A63: 46117 | B63: Falcon Conseil | C63: Sophie Martin | D63: Visio | E63: Négociation tarifaire en cours. | F63: Sans suite | G63: Clôturer

Sheet Historique
A1: HISTORIQUE MENSUEL
A3: Mois | B3: CA réalisé | C3: Objectif | D3: Nouveaux clients | E3: Clients perdus | F3: Taux de signature
A4: août 25 | B4: 41800 | C4: 42000 | D4: 4 | E4: 1 | F4: 0.469
A5: sept. 25 | B5: 50300 | C5: 44500 | D5: 2 | E5: 2 | F5: 0.486
A6: oct. 25 | B6: 45500 | C6: 47000 | D6: 3 | E6: 2 | F6: 0.472
A7: nov. 25 | B7: 47600 | C7: 49500 | D7: 7 | E7: 0 | F7: 0.312
A8: déc. 25 | B8: 54200 | C8: 52000 | D8: 3 | E8: 2 | F8: 0.284
A9: janv. 26 | B9: 55300 | C9: 54500 | D9: 2 | E9: 1 | F9: 0.458
A10: févr. 26 | B10: 62200 | C10: 57000 | D10: 2 | E10: 0 | F10: 0.394
A11: mars 26 | B11: 62100 | C11: 59500 | D11: 6 | E11: 0 | F11: 0.388
A12: avr. 26 | B12: 62400 | C12: 62000 | D12: 6 | E12: 0 | F12: 0.455
A13: mai 26 | B13: 69900 | C13: 64500 | D13: 4 | E13: 3 | F13: 0.434
A14: juin 26 | B14: 64500 | C14: 67000 | D14: 2 | E14: 3 | F14: 0.483
A15: juil. 26 | B15: 73500 | C15: 69500 | D15: 7 | E15: 0 | F15: 0.398

Sheet Paramètres
A1: Listes de référence
A3: Statut | B3: Segment | C3: Priorité | D3: Commercial | E3: Canal | F3: Résultat | G3: Secteur | H3: Région
A4: Prospect | B4: Grand Compte | C4: Haute | D4: Sophie Martin | E4: Email | F4: À rappeler | G4: Tech | H4: Île-de-France
A5: Actif | B5: PME | C5: Moyenne | D5: Karim Benali | E5: Téléphone | F5: Devis envoyé | G5: Industrie | H5: Auvergne-Rhône-Alpes
A6: En négociation | B6: TPE | C6: Basse | D6: Léa Dubois | E6: Visio | F6: Signé | G6: Santé | H6: Occitanie
A7: Inactif | B7: Particulier | D7: Thomas Petit | E7: Rendez-vous | F7: Sans suite | G7: Retail | H7: Hauts-de-France
A8: Perdu | D8: Nadia Cohen | E8: LinkedIn | F8: Injoignable | G8: Services | H8: Nouvelle-Aquitaine
G9: Média | H9: PACA
G10: Finance | H10: Grand Est
G11: BTP | H11: Bretagne
